doc_id,title,content
1,University of Oxford Overview,The University of Oxford is one of the oldest universities in the world located in Oxford England known for research excellence and collegiate system.
2,University of Cambridge Overview,The University of Cambridge is a prestigious institution in Cambridge England recognized for academic excellence and notable alumni.
3,Imperial College London Focus,Imperial College London specializes in science engineering medicine and business with a strong emphasis on innovation and research.
4,University College London Information,University College London is a leading multidisciplinary university located in London offering a wide range of courses.
5,University of Manchester Details,The University of Manchester is known for research output and offers diverse programs across science humanities and business.
6,University of Edinburgh Profile,The University of Edinburgh is located in Scotland and is known for strong research and international student population.
7,King's College London Overview,King's College London is a research university offering courses in law health sciences humanities and social sciences.
8,University of Bristol Information,The University of Bristol is a top UK university known for academic excellence and vibrant student life.
9,University of Warwick Profile,The University of Warwick is known for strong programs in business economics and engineering.
10,University of Glasgow Overview,The University of Glasgow is one of the oldest universities in Scotland known for research and teaching excellence.
11,University of Leeds Overview,The University of Leeds offers a wide range of undergraduate and postgraduate programs and is known for research strength.
12,University of Sheffield Overview,The University of Sheffield is recognized for engineering research and student satisfaction.
13,Durham University Overview,Durham University is known for its collegiate system and strong humanities programs.
14,University of Nottingham Overview,The University of Nottingham offers global campuses and strong research programs.
15,Newcastle University Overview,Newcastle University is known for medical sciences engineering and architecture programs.
16,University of Birmingham Overview,The University of Birmingham is a leading research university offering diverse academic programs.
17,Queen Mary University of London Overview,Queen Mary University of London specializes in law medicine and humanities.
18,University of Southampton Overview,The University of Southampton is known for engineering oceanography and computer science.
19,University of York Overview,The University of York is known for research excellence and strong humanities programs.
20,University of Exeter Overview,The University of Exeter offers strong programs in business climate science and humanities.
21,Cardiff University Overview,Cardiff University is a leading Welsh university known for research and innovation.
22,University of Aberdeen Overview,The University of Aberdeen is one of Scotland’s ancient universities with strong research output.
23,University of Dundee Overview,The University of Dundee is known for life sciences and medical research.
24,University of Stirling Overview,The University of Stirling is known for environmental science and sports studies.
25,Heriot Watt University Overview,Heriot Watt University specializes in engineering business and energy studies.
26,University of Strathclyde Overview,The University of Strathclyde is known for engineering and business innovation.
27,University of Hull Overview,The University of Hull offers programs in health sciences and social sciences.
28,University of Kent Overview,The University of Kent is known for law humanities and social sciences.
29,Lancaster University Overview,Lancaster University is known for research excellence and strong management school.
30,University of Essex Overview,The University of Essex is known for social sciences data science and research.